,conn_number,conn_indices,pore_diameter,x_coord,y_coord,z_coord
0,2,"[1, 3]",1.3539594212883888e-05,0.5,0.5,0.5
1,3,"[0, 2, 4]",9.480415988859616e-05,0.5,1.5,0.5
2,2,"[1, 5]",8.048780799772197e-05,0.5,2.5,0.5
3,3,"[4, 0, 6]",2.814530090349079e-05,1.5,0.5,0.5
4,4,"[3, 5, 1, 7]",8.390021507533385e-05,1.5,1.5,0.5
5,3,"[4, 2, 8]",6.4840486824979566e-06,1.5,2.5,0.5
6,2,"[7, 3]",2.071281691340081e-05,2.5,0.5,0.5
7,3,"[6, 8, 4]",5.589252158559122e-06,2.5,1.5,0.5
8,2,"[7, 5]",4.042084705461906e-05,2.5,2.5,0.5
